s_first_name,s_last_name,s_identify_number,"s_address, line1",s_addressline2,s_primary_contact,s_email_id
User Two,Zero,123456789,"Anna, Nagar, Anna, Nagar, Anna, Nagar","Shanthi, Colony, Shanthi, Colony, Shanthi, Colony",1234567890,sample1@email.com
User Two,One,123456789,"Anna, Nagar, Anna, Nagar, Anna, Nagar","Shanthi, Colony, Shanthi, Colony, Shanthi, Colony",1234567891,sample2@email.com
User Two,Two,123456790,"Anna, Nagar, Anna, Nagar, Anna, Nagar","Shanthi, Colony, Shanthi, Colony, Shanthi, Colony",1234567892,sample3@email.com
User Two,Three,123456791,"Anna, Nagar, Anna, Nagar, Anna, Nagar","Shanthi, Colony, Shanthi, Colony, Shanthi, Colony",1234567893,sample4@email.com
User Two,Four,123456792,"Anna, Nagar, Anna, Nagar, Anna, Nagar","Shanthi, Colony, Shanthi, Colony, Shanthi, Colony",1234567894,sample5@email.com
User Two,Five,123456793,"Anna, Nagar, Anna, Nagar, Anna, Nagar","Shanthi, Colony, Shanthi, Colony, Shanthi, Colony",1234567895,sample6@email.com
User Two,Six,123456794,"Anna, Nagar, Anna, Nagar, Anna, Nagar","Shanthi, Colony, Shanthi, Colony, Shanthi, Colony",1234567896,sample7@email.com
User Two,Seven,123456795,"Anna, Nagar, Anna, Nagar, Anna, Nagar","Shanthi, Colony, Shanthi, Colony, Shanthi, Colony",1234567897,sample8@email.com
User Two,Eight,123456796,"Anna, Nagar, Anna, Nagar, Anna, Nagar","Shanthi, Colony, Shanthi, Colony, Shanthi, Colony",1234567898,sample9@email.com
User Two,Nine,123456797,"Anna, Nagar, Anna, Nagar, Anna, Nagar","Shanthi, Colony, Shanthi, Colony, Shanthi, Colony",1234567899,sample10@email.com
